fecha,horas_trabajadas,viajes_total,ton_total
2019-09-01,0.0,0.0,0.0
2019-09-02,23.0,56.0,1140.0
2019-09-03,21.0,82.0,1602.0
2019-09-04,19.0,87.0,1656.0
2019-09-05,18.5,86.0,1677.0
2019-09-06,17.5,89.0,1737.0
2019-09-07,4.0,0.0,0.0
2019-09-08,4.5,0.0,0.0
2019-09-09,11.0,61.0,1191.0
2019-09-10,17.0,93.0,1791.0
2019-09-11,20.5,125.0,2172.0
2019-09-12,13.0,96.0,1869.0
2019-09-13,15.0,99.0,1704.0
2019-09-14,0.0,0.0,0.0
2019-09-15,0.0,0.0,0.0
2019-09-16,10.0,72.0,1236.0
2019-09-17,7.0,65.0,1326.0
2019-09-18,11.0,113.0,2133.0
2019-09-19,24.0,59.0,1374.0
2019-09-20,21.5,59.0,1287.0
2019-09-21,0.0,0.0,0.0
2019-09-22,0.0,0.0,0.0
2019-09-23,20.5,78.0,1737.0
2019-09-24,18.0,131.0,2451.0
2019-09-25,17.5,82.0,1571.0
2019-09-26,31.0,125.0,2488.0
2019-09-27,32.0,103.0,2064.0
2019-09-28,0.0,0.0,0.0
2019-09-29,0.0,0.0,0.0
2019-09-30,11.0,82.0,1667.0
2019-10-01,13.5,60.0,1287.0
2019-10-02,17.5,55.0,1254.0
2019-10-03,25.0,83.0,1878.0
2019-10-04,9.0,62.0,1416.0
2019-10-05,0.0,0.0,0.0
2019-10-06,0.0,0.0,0.0
2019-10-07,19.5,67.0,1542.0
2019-10-08,20.5,67.0,1581.0
2019-10-09,16.0,57.0,1263.0
2019-10-10,15.0,63.0,1356.0
2019-10-11,23.5,76.0,1656.0
2019-10-12,0.0,0.0,0.0
2019-10-13,0.0,0.0,0.0
2019-10-14,14.0,71.0,1536.0
2019-10-15,15.5,80.0,1713.0
2019-10-16,11.0,89.0,1776.0
2019-10-17,18.0,96.0,1836.0
2019-10-18,23.0,90.0,1890.0
2019-10-19,7.0,0.0,0.0
2019-10-20,0.0,0.0,0.0
2019-10-21,2.0,0.0,0.0
2019-10-22,14.0,64.0,1389.0
2019-10-23,24.0,67.0,1425.0
2019-10-24,19.0,69.0,1539.0
2019-10-25,28.0,70.0,1533.0
2019-10-26,4.0,0.0,0.0
2019-10-27,0.0,0.0,0.0
2019-10-28,18.0,37.0,882.0
2019-10-29,19.0,54.0,1242.0
2019-10-30,19.0,69.0,1488.0
2019-10-31,22.0,79.0,1572.0
2019-11-01,20.5,53.0,1092.0
2019-11-02,0.0,0.0,0.0
2019-11-03,0.0,0.0,0.0
2019-11-04,29.0,93.0,1602.0
2019-11-05,30.5,95.0,1635.0
2019-11-06,13.0,59.0,1050.0
2019-11-07,26.0,73.0,1362.0
2019-11-08,28.0,84.0,1623.0
2019-11-09,0.0,0.0,0.0
2019-11-10,0.0,0.0,0.0
2019-11-11,30.0,103.0,2076.0
2019-11-12,24.0,127.0,2460.0
2019-11-13,23.0,109.0,2157.0
2019-11-14,15.0,91.0,1899.0
2019-11-15,19.5,94.0,1785.0
2019-11-16,0.0,0.0,0.0
2019-11-17,0.0,0.0,0.0
2019-11-18,19.0,63.0,1359.0
2019-11-19,25.0,83.0,1722.0
2019-11-20,32.0,103.0,1971.0
2019-11-21,39.0,105.0,2103.0
2019-11-22,33.5,123.0,2340.0
2019-11-23,0.0,0.0,0.0
2019-11-24,0.0,0.0,0.0
2019-11-25,33.0,90.0,1806.0
2019-11-26,31.5,109.0,1866.0
2019-11-27,38.5,67.0,1332.0
2019-11-28,46.0,94.0,1839.0
2019-11-29,13.0,74.0,1599.0
2019-11-30,0.0,0.0,0.0
2019-12-01,0.0,0.0,0.0
2019-12-02,0.0,0.0,0.0
2019-12-03,0.0,0.0,0.0
2019-12-04,0.0,0.0,0.0
2019-12-05,0.0,0.0,0.0
2019-12-06,0.0,0.0,0.0
2019-12-07,0.0,0.0,0.0
2019-12-08,0.0,0.0,0.0
2019-12-09,0.0,0.0,0.0
2019-12-10,0.0,0.0,0.0
2019-12-11,0.0,0.0,0.0
2019-12-12,0.0,0.0,0.0
2019-12-13,0.0,0.0,0.0
2019-12-14,0.0,0.0,0.0
2019-12-15,0.0,0.0,0.0
2019-12-16,0.0,0.0,0.0
2019-12-17,0.0,0.0,0.0
2019-12-18,0.0,0.0,0.0
2019-12-19,0.0,0.0,0.0
2019-12-20,0.0,0.0,0.0
2019-12-21,0.0,0.0,0.0
2019-12-22,0.0,0.0,0.0
2019-12-23,0.0,0.0,0.0
2019-12-24,0.0,0.0,0.0
2019-12-25,0.0,0.0,0.0
2019-12-26,0.0,0.0,0.0
2019-12-27,0.0,0.0,0.0
2019-12-28,0.0,0.0,0.0
2019-12-29,0.0,0.0,0.0
2019-12-30,0.0,0.0,0.0
2019-12-31,0.0,0.0,0.0
2020-01-01,0.0,0.0,0.0
2020-01-02,25.200000000000728,85.0,1921.0
2020-01-03,27.39999999999964,99.0,2242.0
2020-01-04,0.0,0.0,0.0
2020-01-05,0.0,0.0,0.0
2020-01-06,24.0,120.0,2584.0
2020-01-07,25.0,128.0,2730.0
2020-01-08,28.0,98.0,2134.0
2020-01-09,31.0,110.0,2382.0
2020-01-10,21.5,97.0,2133.0
2020-01-11,7.0,0.0,0.0
2020-01-12,0.0,0.0,0.0
2020-01-13,55.0,80.0,1783.0
2020-01-14,26.0,83.0,1746.0
2020-01-15,29.5,61.0,1280.0
2020-01-16,27.0,72.0,1495.0
2020-01-17,29.5,65.0,1359.0
2020-01-18,0.0,0.0,0.0
2020-01-19,0.0,0.0,0.0
2020-01-20,33.0,57.0,1139.0
2020-01-21,28.0,134.0,2629.0
2020-01-22,39.5,182.0,3528.0
2020-01-23,39.5,107.0,2177.0
2020-01-24,29.0,108.0,2202.0
2020-01-25,0.0,0.0,0.0
2020-01-26,0.0,0.0,0.0
2020-01-27,35.0,104.0,2108.0
2020-01-28,32.0,99.0,2030.0
2020-01-29,26.0,85.0,1737.0
2020-01-30,22.0,124.0,2372.0
2020-01-31,23.0,139.0,2559.0
2020-02-01,0.0,0.0,0.0
2020-02-02,0.0,0.0,0.0
2020-02-03,22.0,97.0,1797.0
2020-02-04,20.5,109.0,2031.0
2020-02-05,26.5,91.0,1750.0
2020-02-06,21.0,53.0,1064.0
2020-02-07,23.0,41.0,843.0
2020-02-08,0.0,0.0,0.0
2020-02-09,0.0,0.0,0.0
2020-02-10,31.0,71.0,1362.0
2020-02-11,44.5,81.0,1644.0
2020-02-12,50.0,99.0,2063.0
2020-02-13,47.5,107.0,2217.0
2020-02-14,3.5,11.0,227.0
2020-02-15,0.0,0.0,0.0
2020-02-16,0.0,0.0,0.0
2020-02-17,28.5,84.0,1709.0
2020-02-18,27.0,64.0,1338.0
2020-02-19,19.0,89.0,1835.0
2020-02-20,17.5,78.0,1590.0
2020-02-21,20.0,81.0,1648.0
2020-02-22,0.0,0.0,0.0
2020-02-23,0.0,0.0,0.0
2020-02-24,21.0,70.0,1419.0
2020-02-25,25.5,106.0,1908.0
2020-02-26,22.5,98.0,1764.0
2020-02-27,22.5,99.0,1887.0
2020-02-28,10.5,98.0,1950.0
2020-02-29,0.0,0.0,0.0
2020-03-01,6.0,0.0,0.0
2020-03-02,24.0,88.0,1795.0
2020-03-03,26.0,123.0,2452.0
2020-03-04,22.0,100.0,2013.0
2020-03-05,28.0,93.0,1882.0
2020-03-06,22.0,98.0,2006.0
2020-03-07,0.0,0.0,0.0
2020-03-08,0.0,0.0,0.0
2020-03-09,22.0,99.0,2036.0
2020-03-10,18.0,95.0,2057.0
2020-03-11,15.0,103.0,2267.0
2020-03-12,16.5,96.0,2197.0
2020-03-13,17.5,97.0,2179.0
2020-03-14,0.0,0.0,0.0
2020-03-15,0.0,0.0,0.0
2020-03-16,25.0,121.0,2409.0
2020-03-17,26.0,119.0,2373.0
2020-03-18,28.5,114.0,2269.0
2020-03-19,20.5,108.0,2133.0
2020-03-20,18.5,93.0,1757.0
2020-03-21,0.0,0.0,0.0
2020-03-22,0.0,0.0,0.0
2020-03-23,16.5,110.0,2425.0
2020-03-24,17.5,83.0,1723.0
2020-03-25,30.0,123.0,2432.0
2020-03-26,27.0,111.0,2322.0
2020-03-27,18.5,90.0,2006.0
2020-03-28,0.0,0.0,0.0
2020-03-29,0.0,0.0,0.0
2020-03-30,21.5,142.0,2642.0
2020-03-31,22.5,160.0,2924.0
2020-04-01,18.5,124.0,2399.0
2020-04-01,0.0,0.0,0.0
2020-04-02,18.5,98.0,2044.0
2020-04-02,0.0,0.0,0.0
2020-04-03,19.0,72.0,1395.0
2020-04-03,0.0,0.0,0.0
2020-04-04,0.0,0.0,0.0
2020-04-04,0.0,0.0,0.0
2020-04-05,0.0,0.0,0.0
2020-04-05,0.0,0.0,0.0
2020-04-06,19.5,94.0,1941.0
2020-04-06,0.0,0.0,0.0
2020-04-07,15.0,65.0,1325.0
2020-04-07,18.5,85.0,1800.0
2020-04-08,14.5,74.0,1480.0
2020-04-08,14.0,115.0,2287.0
2020-04-09,0.0,0.0,0.0
2020-04-09,14.0,131.0,2502.0
2020-04-10,3.5,0.0,0.0
2020-04-10,10.0,101.0,1862.0
2020-04-11,19.0,78.0,1677.0
2020-04-11,0.0,0.0,0.0
2020-04-12,19.0,74.0,1584.0
2020-04-12,0.0,0.0,0.0
2020-04-13,24.5,26.0,507.0
2020-04-13,12.0,123.0,2213.0
2020-04-14,18.5,113.0,2301.0
2020-04-14,11.0,133.0,2318.0
2020-04-15,21.5,110.0,2269.0
2020-04-15,12.0,134.0,2599.0
2020-04-16,0.0,0.0,0.0
2020-04-16,24.5,120.0,2229.0
2020-04-17,11.5,84.0,1576.0
2020-04-17,0.0,0.0,0.0
2020-04-18,0.0,0.0,0.0
2020-04-18,14.0,72.0,1467.0
2020-04-19,0.0,0.0,0.0
2020-04-19,24.0,111.0,2337.0
2020-04-20,0.0,0.0,0.0
2020-04-20,21.5,114.0,2357.0
2020-04-21,0.0,0.0,0.0
2020-04-21,12.5,0.0,0.0
2020-04-22,0.0,0.0,0.0
2020-04-22,18.0,0.0,0.0
2020-04-23,1.0,0.0,0.0
2020-04-23,0.0,0.0,0.0
2020-04-24,0.0,0.0,0.0
2020-04-24,3.0,0.0,0.0
2020-04-25,16.0,16.0,288.0
2020-04-25,5.0,128.0,2521.0
2020-04-26,21.5,86.0,1591.0
2020-04-26,0.0,145.0,2862.0
2020-04-27,17.0,86.0,1875.0
2020-04-27,0.0,118.0,2334.0
2020-04-28,8.0,121.0,2554.0
2020-04-28,0.0,0.0,0.0
2020-04-29,15.5,94.0,1951.0
2020-04-29,0.0,0.0,0.0
2020-04-30,0.0,0.0,0.0
2020-04-30,0.0,0.0,0.0
2020-05-01,0.0,0.0,0.0
2020-05-02,0.0,0.0,0.0
2020-05-03,0.0,0.0,0.0
2020-05-04,0.0,0.0,0.0
2020-05-05,0.0,0.0,0.0
2020-05-06,0.0,0.0,0.0
2020-05-07,15.0,65.0,1325.0
2020-05-08,14.5,74.0,1480.0
2020-05-09,0.0,0.0,0.0
2020-05-10,3.5,0.0,0.0
2020-05-11,19.0,78.0,1677.0
2020-05-12,19.0,74.0,1584.0
2020-05-13,24.5,26.0,507.0
2020-05-14,18.5,113.0,2301.0
2020-05-15,21.5,110.0,2269.0
2020-05-16,0.0,0.0,0.0
2020-05-17,0.0,0.0,0.0
2020-05-18,14.0,72.0,1467.0
2020-05-19,24.0,111.0,2337.0
2020-05-20,21.5,114.0,2357.0
2020-05-21,12.5,0.0,0.0
2020-05-22,18.0,0.0,0.0
2020-05-23,0.0,0.0,0.0
2020-05-24,0.0,0.0,0.0
2020-05-25,16.0,16.0,288.0
2020-05-26,21.5,86.0,1591.0
2020-05-27,17.0,86.0,1875.0
2020-05-28,8.0,121.0,2554.0
2020-05-29,15.5,94.0,1951.0
2020-05-30,0.0,0.0,0.0
2020-05-31,0.0,0.0,0.0
2020-06-01,19.5,100.0,1986.0
2020-06-02,11.5,159.0,3017.0
2020-06-03,22.0,157.0,2979.0
2020-06-04,19.0,103.0,2050.0
2020-06-05,20.0,81.0,1619.0
2020-06-06,0.0,0.0,0.0
2020-06-07,0.0,0.0,0.0
2020-06-08,26.0,101.0,2118.0
2020-06-09,24.5,109.0,2192.0
2020-06-10,19.5,109.0,2147.0
2020-06-11,15.5,88.0,1790.0
2020-06-12,15.5,83.0,1699.0
2020-06-13,0.0,0.0,0.0
2020-06-14,0.0,0.0,0.0
2020-06-15,17.5,111.0,2200.0
2020-06-16,19.0,117.0,2254.0
2020-06-17,17.0,81.0,1634.0
2020-06-18,9.5,0.0,0.0
2020-06-19,10.0,0.0,0.0
2020-06-20,0.0,0.0,0.0
2020-06-21,0.0,0.0,0.0
2020-06-22,10.5,0.0,0.0
2020-06-23,8.0,0.0,0.0
2020-06-24,17.5,107.0,1861.0
2020-06-25,26.0,121.0,2110.0
2020-06-26,19.0,123.0,2294.0
2020-06-27,0.0,0.0,0.0
2020-06-28,0.0,0.0,0.0
2020-06-29,22.5,101.0,1906.0
2020-06-30,12.0,116.0,2140.0
2020-07-01,0,0,0
2020-07-02,0,0,0
2020-07-03,0,0,0
2020-07-04,0,0,0
2020-07-05,0,0,0
2020-07-06,0,0,0
2020-07-07,0,0,0
2020-07-08,0,0,0
2020-07-09,0,0,0
2020-07-10,0,0,0
2020-07-11,0,0,0
2020-07-12,0,0,0
2020-07-13,0,0,0
2020-07-14,0,0,0
2020-07-15,0,0,0
2020-07-16,0,0,0
2020-07-17,0,0,0
2020-07-18,0,0,0
2020-07-19,0,0,0
2020-07-20,0,0,0
2020-07-21,0,0,0
2020-07-22,0,0,0
2020-07-23,0,0,0
2020-07-24,0,0,0
2020-07-25,0,0,0
2020-07-26,0,0,0
2020-07-27,0,0,0
2020-07-28,0,0,0
2020-07-29,0,0,0
2020-07-30,0,0,0
2020-07-31,0,0,0
2020-08-01,0,0,0
2020-08-02,0,0,0
2020-08-03,0,0,0
2020-08-04,0,0,0
2020-08-05,0,0,0
2020-08-06,0,0,0
2020-08-07,0,0,0
2020-08-08,0,0,0
2020-08-09,0,0,0
2020-08-10,0,0,0
2020-08-11,0,0,0
2020-08-12,0,0,0
2020-08-13,0,0,0
2020-08-14,0,0,0
2020-08-15,0,0,0
2020-08-16,0,0,0
2020-08-17,0,0,0
2020-08-18,0,0,0
2020-08-19,0,0,0
2020-08-20,0,0,0
2020-08-21,0,0,0
2020-08-22,0,0,0
2020-08-23,0,0,0
2020-08-24,0,0,0
2020-08-25,0,0,0
2020-08-26,0,0,0
2020-08-27,0,0,0
2020-08-28,0,0,0
2020-08-29,0,0,0
2020-08-30,0,0,0
2020-08-31,0,0,0
2020-09-01,20.5,167.0,3230.0
2020-09-02,19.5,154.0,3003.0
2020-09-03,19.5,157.0,3036.0
2020-09-04,19.5,160.0,3067.0
2020-09-05,0.0,0.0,0.0
2020-09-06,0.0,0.0,0.0
2020-09-07,19.5,106.0,1944.0
2020-09-08,22.5,105.0,1931.0
2020-09-09,20.5,131.0,2461.0
2020-09-10,28.5,125.0,2467.0
2020-09-11,34.0,180.0,3584.0
2020-09-12,20.5,68.0,1379.0
2020-09-13,15.0,60.0,1210.0
2020-09-14,12.0,137.0,2662.0
2020-09-15,12.0,87.0,1675.0
2020-09-16,47.5,218.0,4080.0
2020-09-17,40.5,173.0,3264.0
2020-09-18,23.5,179.0,3341.0
2020-09-19,19.0,87.0,1601.0
2020-09-20,8.0,91.0,1682.0
2020-09-21,15.5,107.0,1997.0
2020-09-22,19.5,90.0,1702.0
2020-09-23,23.5,199.0,3747.0
2020-09-24,25.0,180.0,3384.0
2020-09-25,16.5,99.0,1791.0
2020-09-26,21.5,75.0,1409.0
2020-09-27,15.0,79.0,1496.0
2020-09-28,16.0,90.0,1718.0
2020-09-29,10.5,77.0,1466.0
2020-09-30,12.5,161.0,3024.0
2020-10-01,0,0,0
2020-10-02,0,0,0
2020-10-03,0,0,0
2020-10-04,0,0,0
2020-10-05,0,0,0
2020-10-06,0,0,0
2020-10-07,0,0,0
2020-10-08,0,0,0
2020-10-09,0,0,0
2020-10-10,0,0,0
2020-10-11,0,0,0
2020-10-12,0,0,0
2020-10-13,0,0,0
2020-10-14,0,0,0
2020-10-15,0,0,0
2020-10-16,0,0,0
2020-10-17,0,0,0
2020-10-18,0,0,0
2020-10-19,0,0,0
2020-10-20,0,0,0
2020-10-21,0,0,0
2020-10-22,0,0,0
2020-10-23,0,0,0
2020-10-24,0,0,0
2020-10-25,0,0,0
2020-10-26,0,0,0
2020-10-27,0,0,0
2020-10-28,0,0,0
2020-10-29,0,0,0
2020-10-30,0,0,0
2020-10-31,0,0,0
2020-11-01,0,0,0
2020-11-02,0,0,0
2020-11-03,0,0,0
2020-11-04,0,0,0
2020-11-05,0,0,0
2020-11-06,0,0,0
2020-11-07,0,0,0
2020-11-08,0,0,0
2020-11-09,0,0,0
2020-11-10,0,0,0
2020-11-11,0,0,0
2020-11-12,0,0,0
2020-11-13,0,0,0
2020-11-14,0,0,0
2020-11-15,0,0,0
2020-11-16,0,0,0
2020-11-17,0,0,0
2020-11-18,0,0,0
2020-11-19,0,0,0
2020-11-20,0,0,0
2020-11-21,0,0,0
2020-11-22,0,0,0
2020-11-23,0,0,0
2020-11-24,0,0,0
2020-11-25,0,0,0
2020-11-26,0,0,0
2020-11-27,0,0,0
2020-11-28,0,0,0
2020-11-29,0,0,0
2020-11-30,0,0,0
2020-12-01,0,0,0
2020-12-02,0,0,0
2020-12-03,0,0,0
2020-12-04,0,0,0
2020-12-05,0,0,0
2020-12-06,0,0,0
2020-12-07,0,0,0
2020-12-08,0,0,0
2020-12-09,0,0,0
2020-12-10,0,0,0
2020-12-11,0,0,0
2020-12-12,0,0,0
2020-12-13,0,0,0
2020-12-14,0,0,0
2020-12-15,0,0,0
2020-12-16,0,0,0
2020-12-17,0,0,0
2020-12-18,0,0,0
2020-12-19,0,0,0
2020-12-20,0,0,0
2020-12-21,0,0,0
2020-12-22,0,0,0
2020-12-23,0,0,0
2020-12-24,0,0,0
2020-12-25,0,0,0
2020-12-26,0,0,0
2020-12-27,0,0,0
2020-12-28,0,0,0
2020-12-29,0,0,0
2020-12-30,0,0,0
2020-12-31,0,0,0
2021-01-01,0.0,0.0,0.0
2021-01-02,0.0,0.0,0.0
2021-01-03,0.0,0.0,0.0
2021-01-04,0.0,0.0,0.0
2021-01-05,0.0,0.0,0.0
2021-01-06,0.0,0.0,0.0
2021-01-07,0.0,0.0,0.0
2021-01-08,0.0,0.0,0.0
2021-01-09,0.0,0.0,0.0
2021-01-10,0.0,0.0,0.0
2021-01-11,11.5,48.0,881.0
2021-01-12,19.0,110.0,1998.0
2021-01-13,20.5,91.0,1686.0
2021-01-14,21.0,74.0,1396.0
2021-01-15,17.0,63.0,1219.0
2021-01-16,0.0,0.0,0.0
2021-01-17,0.0,0.0,0.0
2021-01-18,20.0,76.0,1460.0
2021-01-19,21.0,83.0,1574.0
2021-01-20,19.5,83.0,1646.0
2021-01-21,11.0,15.0,278.0
2021-01-22,14.0,82.0,1615.0
2021-01-23,0.0,0.0,0.0
2021-01-24,0.0,0.0,0.0
2021-01-25,20.5,88.0,1686.0
2021-01-26,21.0,115.0,2137.0
2021-01-27,25.5,115.0,2266.0
2021-01-28,15.0,109.0,2133.0
2021-01-29,10.5,65.0,1269.0
2021-01-30,0.0,0.0,0.0
2021-01-31,0.0,0.0,0.0
2021-02-01,7.5,0.0,0.0
2021-02-02,19.5,106.0,2067.0
2021-02-03,15.0,77.0,1503.0
2021-02-04,16.5,66.0,1280.0
2021-02-05,15.0,0.0,0.0
2021-02-06,0.0,0.0,0.0
2021-02-07,0.0,0.0,0.0
2021-02-08,5.0,0.0,0.0
2021-02-09,5.5,0.0,0.0
2021-02-10,21.0,141.0,2673.0
2021-02-11,17.5,147.0,2734.0
2021-02-12,15.5,119.0,2290.0
2021-02-13,0.0,0.0,0.0
2021-02-14,0.0,0.0,0.0
2021-02-15,23.0,127.0,2285.0
2021-02-16,22.0,106.0,1847.0
2021-02-17,22.0,99.0,1794.0
2021-02-18,20.0,101.0,1939.0
2021-02-19,19.5,98.0,1875.0
2021-02-20,0.0,0.0,0.0
2021-02-21,0.0,0.0,0.0
2021-02-22,22.0,109.0,2050.0
2021-02-23,12.0,107.0,2024.0
2021-02-24,8.0,57.0,1090.0
2021-02-25,15.0,105.0,2056.0
2021-02-26,15.0,138.0,2722.0
2021-02-27,7.0,0.0,0.0
2021-02-28,0.0,0.0,0.0
2021-03-01,10.5,168.0,3283.0
2021-03-02,14.0,84.0,1631.0
2021-03-03,23.0,137.0,2629.0
2021-03-04,23.0,116.0,2127.0
2021-03-05,18.5,112.0,2108.0
2021-03-06,0.0,0.0,0.0
2021-03-07,0.0,0.0,0.0
2021-03-08,24.0,105.0,1990.0
2021-03-09,23.5,105.0,1928.0
2021-03-10,20.0,90.0,1593.0
2021-03-11,17.5,58.0,1043.0
2021-03-12,25.5,122.0,2209.0
2021-03-13,0.0,0.0,0.0
2021-03-14,0.0,0.0,0.0
2021-03-15,19.5,100.0,1813.0
2021-03-16,18.5,72.0,1380.0
2021-03-17,21.0,89.0,1611.0
2021-03-18,22.5,64.0,1071.0
2021-03-19,16.5,89.0,1548.0
2021-03-20,0.0,0.0,0.0
2021-03-21,0.0,0.0,0.0
2021-03-22,7.0,0.0,0.0
2021-03-23,21.0,98.0,1754.0
2021-03-24,16.5,41.0,751.0
2021-03-25,14.5,45.0,843.0
2021-03-26,10.0,35.0,648.0
2021-03-27,0.0,0.0,0.0
2021-03-28,0.0,0.0,0.0
2021-03-29,0.0,51.0,995.0
2021-03-30,15.0,110.0,2159.0
2021-03-31,18.5,112.0,2092.0
2021-04-01,6.0,0.0,0.0
2021-04-02,4.0,0.0,0.0
2021-04-03,0.0,0.0,0.0
2021-04-04,0.0,0.0,0.0
2021-04-05,18.0,81.0,1502.0
2021-04-06,20.5,80.0,1503.0
2021-04-07,4.5,138.0,2646.0
2021-04-08,17.5,74.0,1385.0
2021-04-09,14.0,52.0,980.0
2021-04-10,7.0,0.0,0.0
2021-04-11,0.0,0.0,0.0
2021-04-12,19.0,29.0,540.0
2021-04-13,18.0,85.0,1688.0
2021-04-14,10.0,36.0,709.0
2021-04-15,10.5,23.0,452.0
2021-04-16,17.0,94.0,1786.0
2021-04-17,0.0,0.0,0.0
2021-04-18,0.0,0.0,0.0
2021-04-19,11.0,103.0,2004.0
2021-04-20,13.0,146.0,2834.0
2021-04-21,12.0,73.0,1478.0
2021-04-22,15.0,133.0,2622.0
2021-04-23,13.0,99.0,1946.0
2021-04-24,0.0,0.0,0.0
2021-04-25,0.0,0.0,0.0
2021-04-26,0.0,0.0,0.0
2021-04-27,0.0,0.0,0.0
2021-04-28,15.0,100.0,1953.0
2021-04-29,11.0,123.0,2455.0
2021-04-30,0.0,168.0,3281.0
2021-05-01,0.0,0.0,0.0
2021-05-02,0.0,0.0,0.0
2021-05-03,21.5,107.0,2275.0
2021-05-04,21.0,114.0,2417.0
2021-05-05,21.5,220.0,4528.0
2021-05-06,19.0,131.0,2785.0
2021-05-07,20.0,103.0,2145.0
2021-05-08,0.0,0.0,0.0
2021-05-09,0.0,0.0,0.0
2021-05-10,23.0,102.0,2125.0
2021-05-11,14.5,122.0,2555.0
2021-05-12,19.5,101.0,2110.0
2021-05-13,20.5,98.0,2025.0
2021-05-14,17.0,51.0,1020.0
2021-05-15,0.0,0.0,0.0
2021-05-16,0.0,0.0,0.0
2021-05-17,11.0,31.0,620.0
2021-05-18,19.0,74.0,1480.0
2021-05-19,18.0,100.0,2085.0
2021-05-20,8.0,0.0,0.0
2021-05-21,6.0,0.0,0.0
2021-05-22,0.0,0.0,0.0
2021-05-23,0.0,0.0,0.0
2021-05-24,21.0,91.0,1881.0
2021-05-25,15.5,82.0,1626.0
2021-05-26,20.0,94.0,1856.0
2021-05-27,11.5,85.0,1672.0
2021-05-28,6.0,78.0,1635.0
2021-05-29,0.0,0.0,0.0
2021-05-30,0.0,0.0,0.0
2021-05-31,7.5,0.0,0.0
2021-06-01,0.0,0.0,0.0
2021-06-02,0.0,0.0,0.0
2021-06-03,21.5,107.0,2275.0
2021-06-04,21.0,114.0,2417.0
2021-06-05,21.5,220.0,4528.0
2021-06-06,19.0,131.0,2785.0
2021-06-07,20.0,103.0,2145.0
2021-06-08,0.0,0.0,0.0
2021-06-09,0.0,0.0,0.0
2021-06-10,23.0,102.0,2125.0
2021-06-11,14.5,122.0,2555.0
2021-06-12,19.5,101.0,2110.0
2021-06-13,20.5,98.0,2025.0
2021-06-14,17.0,51.0,1020.0
2021-06-15,0.0,0.0,0.0
2021-06-16,0.0,0.0,0.0
2021-06-17,11.0,31.0,620.0
2021-06-18,19.0,74.0,1480.0
2021-06-19,18.0,100.0,2085.0
2021-06-20,8.0,0.0,0.0
2021-06-21,6.0,0.0,0.0
2021-06-22,0.0,0.0,0.0
2021-06-23,0.0,0.0,0.0
2021-06-24,21.0,91.0,1881.0
2021-06-25,15.5,82.0,1626.0
2021-06-26,20.0,94.0,1856.0
2021-06-27,11.5,85.0,1672.0
2021-06-28,6.0,78.0,1635.0
2021-06-29,0.0,0.0,0.0
2021-06-30,0.0,0.0,0.0
2021-07-01,0.0,0.0,0.0
2021-07-02,0.0,0.0,0.0
2021-07-03,21.5,107.0,2275.0
2021-07-04,21.0,114.0,2417.0
2021-07-05,21.5,220.0,4528.0
2021-07-06,19.0,131.0,2785.0
2021-07-07,20.0,103.0,2145.0
2021-07-08,0.0,0.0,0.0
2021-07-09,0.0,0.0,0.0
2021-07-10,23.0,102.0,2125.0
2021-07-11,14.5,122.0,2555.0
2021-07-12,19.5,101.0,2110.0
2021-07-13,20.5,98.0,2025.0
2021-07-14,17.0,51.0,1020.0
2021-07-15,0.0,0.0,0.0
2021-07-16,0.0,0.0,0.0
2021-07-17,11.0,31.0,620.0
2021-07-18,19.0,74.0,1480.0
2021-07-19,18.0,100.0,2085.0
2021-07-20,8.0,0.0,0.0
2021-07-21,6.0,0.0,0.0
2021-07-22,0.0,0.0,0.0
2021-07-23,0.0,0.0,0.0
2021-07-24,21.0,91.0,1881.0
2021-07-25,15.5,82.0,1626.0
2021-07-26,20.0,94.0,1856.0
2021-07-27,11.5,85.0,1672.0
2021-07-28,6.0,78.0,1635.0
2021-07-29,0.0,0.0,0.0
2021-07-30,0.0,0.0,0.0
2021-07-31,7.5,0.0,0.0
2021-08-01,0.0,0.0,0.0
2021-08-02,0.0,0.0,0.0
2021-08-03,21.5,107.0,2275.0
2021-08-04,21.0,114.0,2417.0
2021-08-05,21.5,220.0,4528.0
2021-08-06,19.0,131.0,2785.0
2021-08-07,20.0,103.0,2145.0
2021-08-08,0.0,0.0,0.0
2021-08-09,0.0,0.0,0.0
2021-08-10,23.0,102.0,2125.0
2021-08-11,14.5,122.0,2555.0
2021-08-12,19.5,101.0,2110.0
2021-08-13,20.5,98.0,2025.0
2021-08-14,17.0,51.0,1020.0
2021-08-15,0.0,0.0,0.0
2021-08-16,0.0,0.0,0.0
2021-08-17,11.0,31.0,620.0
2021-08-18,19.0,74.0,1480.0
2021-08-19,18.0,100.0,2085.0
2021-08-20,8.0,0.0,0.0
2021-08-21,6.0,0.0,0.0
2021-08-22,0.0,0.0,0.0
2021-08-23,0.0,0.0,0.0
2021-08-24,21.0,91.0,1881.0
2021-08-25,15.5,82.0,1626.0
2021-08-26,20.0,94.0,1856.0
2021-08-27,11.5,85.0,1672.0
2021-08-28,6.0,78.0,1635.0
2021-08-29,0.0,0.0,0.0
2021-08-30,0.0,0.0,0.0
2021-08-31,7.5,0.0,0.0
2021-09-01,0.0,0.0,0.0
2021-09-02,0.0,0.0,0.0
2021-09-03,21.5,107.0,2275.0
2021-09-04,21.0,114.0,2417.0
2021-09-05,21.5,220.0,4528.0
2021-09-06,19.0,131.0,2785.0
2021-09-07,20.0,103.0,2145.0
2021-09-08,0.0,0.0,0.0
2021-09-09,0.0,0.0,0.0
2021-09-10,23.0,102.0,2125.0
2021-09-11,14.5,122.0,2555.0
2021-09-12,19.5,101.0,2110.0
2021-09-13,20.5,98.0,2025.0
2021-09-14,17.0,51.0,1020.0
2021-09-15,0.0,0.0,0.0
2021-09-16,0.0,0.0,0.0
2021-09-17,11.0,31.0,620.0
2021-09-18,19.0,74.0,1480.0
2021-09-19,18.0,100.0,2085.0
2021-09-20,8.0,0.0,0.0
2021-09-21,6.0,0.0,0.0
2021-09-22,0.0,0.0,0.0
2021-09-23,0.0,0.0,0.0
2021-09-24,21.0,91.0,1881.0
2021-09-25,15.5,82.0,1626.0
2021-09-26,20.0,94.0,1856.0
2021-09-27,11.5,85.0,1672.0
2021-09-28,6.0,78.0,1635.0
2021-09-29,0.0,0.0,0.0
2021-09-30,0.0,0.0,0.0
2021-10-01,0.0,0.0,0.0
2021-10-02,0.0,0.0,0.0
2021-10-03,21.5,107.0,2275.0
2021-10-04,21.0,114.0,2417.0
2021-10-05,21.5,220.0,4528.0
2021-10-06,19.0,131.0,2785.0
2021-10-07,20.0,103.0,2145.0
2021-10-08,0.0,0.0,0.0
2021-10-09,0.0,0.0,0.0
2021-10-10,23.0,102.0,2125.0
2021-10-11,14.5,122.0,2555.0
2021-10-12,19.5,101.0,2110.0
2021-10-13,20.5,98.0,2025.0
2021-10-14,17.0,51.0,1020.0
2021-10-15,0.0,0.0,0.0
2021-10-16,0.0,0.0,0.0
2021-10-17,11.0,31.0,620.0
2021-10-18,19.0,74.0,1480.0
2021-10-19,18.0,100.0,2085.0
2021-10-20,8.0,0.0,0.0
2021-10-21,6.0,0.0,0.0
2021-10-22,0.0,0.0,0.0
2021-10-23,0.0,0.0,0.0
2021-10-24,21.0,91.0,1881.0
2021-10-25,15.5,82.0,1626.0
2021-10-26,20.0,94.0,1856.0
2021-10-27,11.5,85.0,1672.0
2021-10-28,6.0,78.0,1635.0
2021-10-29,0.0,0.0,0.0
2021-10-30,0.0,0.0,0.0
2021-10-31,7.5,0.0,0.0
2021-11-01,0.0,0.0,0.0
2021-11-02,0.0,0.0,0.0
2021-11-03,21.5,107.0,2275.0
2021-11-04,21.0,114.0,2417.0
2021-11-05,21.5,220.0,4528.0
2021-11-06,19.0,131.0,2785.0
2021-11-07,20.0,103.0,2145.0
2021-11-08,0.0,0.0,0.0
2021-11-09,0.0,0.0,0.0
2021-11-10,23.0,102.0,2125.0
2021-11-11,14.5,122.0,2555.0
2021-11-12,19.5,101.0,2110.0
2021-11-13,20.5,98.0,2025.0
2021-11-14,17.0,51.0,1020.0
2021-11-15,0.0,0.0,0.0
2021-11-16,0.0,0.0,0.0
2021-11-17,11.0,31.0,620.0
2021-11-18,19.0,74.0,1480.0
2021-11-19,18.0,100.0,2085.0
2021-11-20,8.0,0.0,0.0
2021-11-21,6.0,0.0,0.0
2021-11-22,0.0,0.0,0.0
2021-11-23,0.0,0.0,0.0
2021-11-24,21.0,91.0,1881.0
2021-11-25,15.5,82.0,1626.0
2021-11-26,20.0,94.0,1856.0
2021-11-27,11.5,85.0,1672.0
2021-11-28,6.0,78.0,1635.0
2021-11-29,0.0,0.0,0.0
2021-11-30,0.0,0.0,0.0
2021-12-01,0.0,0.0,0.0
2021-12-02,0.0,0.0,0.0
2021-12-03,21.5,107.0,2275.0
2021-12-04,21.0,114.0,2417.0
2021-12-05,21.5,220.0,4528.0
2021-12-06,19.0,131.0,2785.0
2021-12-07,20.0,103.0,2145.0
2021-12-08,0.0,0.0,0.0
2021-12-09,0.0,0.0,0.0
2021-12-10,23.0,102.0,2125.0
2021-12-11,14.5,122.0,2555.0
2021-12-12,19.5,101.0,2110.0
2021-12-13,20.5,98.0,2025.0
2021-12-14,17.0,51.0,1020.0
2021-12-15,0.0,0.0,0.0
2021-12-16,0.0,0.0,0.0
2021-12-17,11.0,31.0,620.0
2021-12-18,19.0,74.0,1480.0
2021-12-19,18.0,100.0,2085.0
2021-12-20,8.0,0.0,0.0
2021-12-21,6.0,0.0,0.0
2021-12-22,0.0,0.0,0.0
2021-12-23,0.0,0.0,0.0
2021-12-24,21.0,91.0,1881.0
2021-12-25,15.5,82.0,1626.0
2021-12-26,20.0,94.0,1856.0
2021-12-27,11.5,85.0,1672.0
2021-12-28,6.0,78.0,1635.0
2021-12-29,0.0,0.0,0.0
2021-12-30,0.0,0.0,0.0
2021-12-31,7.5,0.0,0.0
2022-01-01,0.0,0.0,0.0
2022-01-02,0.0,0.0,0.0
2022-01-03,21.5,107.0,2275.0
2022-01-04,21.0,114.0,2417.0
2022-01-05,21.5,220.0,4528.0
2022-01-06,19.0,131.0,2785.0
2022-01-07,20.0,103.0,2145.0
2022-01-08,0.0,0.0,0.0
2022-01-09,0.0,0.0,0.0
2022-01-10,23.0,102.0,2125.0
2022-01-11,14.5,122.0,2555.0
2022-01-12,19.5,101.0,2110.0
2022-01-13,20.5,98.0,2025.0
2022-01-14,17.0,51.0,1020.0
2022-01-15,0.0,0.0,0.0
2022-01-16,0.0,0.0,0.0
2022-01-17,11.0,31.0,620.0
2022-01-18,19.0,74.0,1480.0
2022-01-19,18.0,100.0,2085.0
2022-01-20,8.0,0.0,0.0
2022-01-21,6.0,0.0,0.0
2022-01-22,0.0,0.0,0.0
2022-01-23,0.0,0.0,0.0
2022-01-24,21.0,91.0,1881.0
2022-01-25,15.5,82.0,1626.0
2022-01-26,20.0,94.0,1856.0
2022-01-27,11.5,85.0,1672.0
2022-01-28,6.0,78.0,1635.0
2022-01-29,0.0,0.0,0.0
2022-01-30,0.0,0.0,0.0
2022-01-31,7.5,0.0,0.0
2022-02-01,0.0,0.0,0.0
2022-02-02,0.0,0.0,0.0
2022-02-03,21.5,107.0,2275.0
2022-02-04,21.0,114.0,2417.0
2022-02-05,21.5,220.0,4528.0
2022-02-06,19.0,131.0,2785.0
2022-02-07,20.0,103.0,2145.0
2022-02-08,0.0,0.0,0.0
2022-02-09,0.0,0.0,0.0
2022-02-10,23.0,102.0,2125.0
2022-02-11,14.5,122.0,2555.0
2022-02-12,19.5,101.0,2110.0
2022-02-13,20.5,98.0,2025.0
2022-02-14,17.0,51.0,1020.0
2022-02-15,0.0,0.0,0.0
2022-02-16,0.0,0.0,0.0
2022-02-17,11.0,31.0,620.0
2022-02-18,19.0,74.0,1480.0
2022-02-19,18.0,100.0,2085.0
2022-02-20,8.0,0.0,0.0
2022-02-21,6.0,0.0,0.0
2022-02-22,0.0,0.0,0.0
2022-02-23,0.0,0.0,0.0
2022-02-24,21.0,91.0,1881.0
2022-02-25,15.5,82.0,1626.0
2022-02-26,20.0,94.0,1856.0
2022-02-27,11.5,85.0,1672.0
2022-02-28,6.0,78.0,1635.0
2022-03-01,0.0,0.0,0.0
2022-03-02,0.0,0.0,0.0
2022-03-03,21.5,107.0,2275.0
2022-03-04,21.0,114.0,2417.0
2022-03-05,21.5,220.0,4528.0
2022-03-06,19.0,131.0,2785.0
2022-03-07,20.0,103.0,2145.0
2022-03-08,0.0,0.0,0.0
2022-03-09,0.0,0.0,0.0
2022-03-10,23.0,102.0,2125.0
2022-03-11,14.5,122.0,2555.0
2022-03-12,19.5,101.0,2110.0
2022-03-13,20.5,98.0,2025.0
2022-03-14,17.0,51.0,1020.0
2022-03-15,0.0,0.0,0.0
2022-03-16,0.0,0.0,0.0
2022-03-17,11.0,31.0,620.0
2022-03-18,19.0,74.0,1480.0
2022-03-19,18.0,100.0,2085.0
2022-03-20,8.0,0.0,0.0
2022-03-21,6.0,0.0,0.0
2022-03-22,0.0,0.0,0.0
2022-03-23,0.0,0.0,0.0
2022-03-24,21.0,91.0,1881.0
2022-03-25,15.5,82.0,1626.0
2022-03-26,20.0,94.0,1856.0
2022-03-27,11.5,85.0,1672.0
2022-03-28,6.0,78.0,1635.0
2022-03-29,0.0,0.0,0.0
2022-03-30,0.0,0.0,0.0
2022-03-31,7.5,0.0,0.0
2022-04-01,0.0,0.0,0.0
2022-04-02,0.0,0.0,0.0
2022-04-03,43.0,214.0,4550.0
2022-04-04,42.0,228.0,4834.0
2022-04-05,43.0,440.0,9056.0
2022-04-06,38.0,262.0,5570.0
2022-04-07,40.0,206.0,4290.0
2022-04-08,0.0,0.0,0.0
2022-04-09,0.0,0.0,0.0
2022-04-10,46.0,204.0,4250.0
2022-04-11,29.0,244.0,5110.0
2022-04-12,39.0,202.0,4220.0
2022-04-13,41.0,196.0,4050.0
2022-04-14,34.0,102.0,2040.0
2022-04-15,0.0,0.0,0.0
2022-04-16,0.0,0.0,0.0
2022-04-17,22.0,62.0,1240.0
2022-04-18,38.0,148.0,2960.0
2022-04-19,36.0,200.0,4170.0
2022-04-20,16.0,0.0,0.0
2022-04-21,12.0,0.0,0.0
2022-04-22,0.0,0.0,0.0
2022-04-23,0.0,0.0,0.0
2022-04-24,42.0,182.0,3762.0
2022-04-25,31.0,164.0,3252.0
2022-04-26,40.0,188.0,3712.0
2022-04-27,23.0,170.0,3344.0
2022-04-28,12.0,156.0,3270.0
2022-04-29,0.0,0.0,0.0
2022-04-30,0.0,0.0,0.0
2022-05-01,0.0,0.0,0.0
2022-05-02,0.0,0.0,0.0
2022-05-03,21.5,107.0,2275.0
2022-05-04,21.0,114.0,2417.0
2022-05-05,21.5,220.0,4528.0
2022-05-06,19.0,131.0,2785.0
2022-05-07,20.0,103.0,2145.0
2022-05-08,0.0,0.0,0.0
2022-05-09,0.0,0.0,0.0
2022-05-10,23.0,102.0,2125.0
2022-05-11,14.5,122.0,2555.0
2022-05-12,19.5,101.0,2110.0
2022-05-13,20.5,98.0,2025.0
2022-05-14,17.0,51.0,1020.0
2022-05-15,0.0,0.0,0.0
2022-05-16,0.0,0.0,0.0
2022-05-17,11.0,31.0,620.0
2022-05-18,19.0,74.0,1480.0
2022-05-19,18.0,100.0,2085.0
2022-05-20,8.0,0.0,0.0
2022-05-21,6.0,0.0,0.0
2022-05-22,0.0,0.0,0.0
2022-05-23,0.0,0.0,0.0
2022-05-24,21.0,91.0,1881.0
2022-05-25,15.5,82.0,1626.0
2022-05-26,20.0,94.0,1856.0
2022-05-27,11.5,85.0,1672.0
2022-05-28,6.0,78.0,1635.0
2022-05-29,0.0,0.0,0.0
2022-05-30,0.0,0.0,0.0
2022-05-31,7.5,0.0,0.0
